instance,n,lambda,grasp_best,grasp_avg,grasp_std,grasp_time_s,cplex_obj,cplex_status,cplex_time_s,cplex_intgap_pct,gap_grasp_vs_cplex,cpsat_obj,cpsat_bound,cpsat_status,cpsat_time_s,cpsat_intgap_pct,gap_grasp_vs_cpsat,milp_obj,milp_status,milp_time_s,gap_pct
automotive_156,156,0.01057,318.3384,318.3384,0.0,1.17,,TimeLimit,364.59,,,401.8356,1470.0774,FEASIBLE,180.03,265.84,20.78,,TimeLimit,364.59,
dagtest,28,0.03527,220.3434,220.3434,0.0,0.01,220.9181,Optimal,0.43,0.94,0.26,220.8257,220.8257,OPTIMAL,0.23,0.0,0.22,220.9181,Optimal,0.43,0.26
electronics_89,89,0.02354,274.3441,274.3441,0.0,0.13,-1804.6767,TimeLimit,214.01,138.35,-115.2,326.1425,767.3215,FEASIBLE,180.05,135.27,15.88,-1804.6767,TimeLimit,214.01,-115.2
gearbox_118,118,0.01179,236.0591,236.0591,0.0,0.23,,TimeLimit,363.19,,,285.1828,736.5932,FEASIBLE,182.52,158.29,17.23,,TimeLimit,363.19,
gearpump,22,0.05617,354.3259,354.3259,0.0,0.01,357.3593,Optimal,0.09,0.8,0.85,357.2724,357.2724,OPTIMAL,0.06,0.0,0.82,357.3593,Optimal,0.09,0.85
mini_test,3,0.08,10.64,10.64,0.0,0.0,10.64,Optimal,0.01,,-0.0,10.64,10.64,OPTIMAL,0.0,0.0,0.0,10.64,Optimal,0.01,-0.0
mini_test_complex_rentable,17,0.03109,51.9199,51.9199,0.0,0.0,52.5728,Optimal,0.1,0.11,1.24,52.5581,52.5581,OPTIMAL,0.01,0.0,1.21,52.5728,Optimal,0.1,1.24
salbp_instance_n=1000_1,1000,0.00245,-8056.3556,-8056.3556,0.0,51.56,,TimeLimit,2180.14,,,-7363.6976,13.8664,FEASIBLE,180.25,100.19,9.41,,TimeLimit,2180.14,
salbp_instance_n=1000_10,1000,0.0023,-6355.7603,-6355.7603,0.0,58.73,,TimeLimit,2300.84,,,-5850.2785,-656.2132,FEASIBLE,180.05,88.78,8.64,,TimeLimit,2300.84,
salbp_instance_n=1000_100,1000,0.00176,-268129.0723,-268129.0723,0.0,62.02,,TimeLimit,4384.58,,,-256400.6306,-246219.9672,FEASIBLE,180.03,3.97,4.57,,TimeLimit,4384.58,
salbp_instance_n=1000_10_cut297,297,0.00617,364.3746,364.3746,0.0,2.52,,TimeLimit,374.56,,,403.0794,3053.0036,FEASIBLE,180.04,657.42,9.6,,TimeLimit,374.56,
salbp_instance_n=1000_11_cut322,322,0.0057,411.1184,411.1184,0.0,2.45,,TimeLimit,378.84,,,430.9078,2933.3378,FEASIBLE,180.03,580.73,4.59,,TimeLimit,378.84,
salbp_instance_n=1000_12_cut291,291,0.00624,160.1564,160.1564,0.0,2.7,,TimeLimit,373.95,,,210.0078,2230.2186,FEASIBLE,180.03,961.97,23.74,,TimeLimit,373.95,
salbp_instance_n=1000_13_cut253,253,0.00714,521.8058,521.8058,0.0,1.91,42.5584,TimeLimit,190.84,4.0,-1126.09,625.2381,3306.9595,FEASIBLE,180.06,428.91,16.54,42.5584,TimeLimit,190.84,-1126.09
salbp_instance_n=1000_14_cut247,247,0.00682,560.4588,560.4588,0.0,1.54,,TimeLimit,369.03,,,610.708,3378.6476,FEASIBLE,180.04,453.23,8.23,,TimeLimit,369.03,
salbp_instance_n=1000_15_cut364,364,0.00539,566.6605,566.6605,0.0,2.98,,TimeLimit,388.51,,,635.5928,4038.3058,FEASIBLE,180.05,535.36,10.85,,TimeLimit,388.51,
salbp_instance_n=1000_16_cut268,268,0.00705,596.1214,596.1214,0.0,1.74,,TimeLimit,370.57,,,638.156,3055.7939,FEASIBLE,180.05,378.85,6.59,,TimeLimit,370.57,
salbp_instance_n=1000_170_cut254,254,0.00694,139.6422,139.6422,0.0,1.8,,TimeLimit,370.51,,,187.5245,2782.7997,FEASIBLE,180.03,1383.97,25.53,,TimeLimit,370.51,
salbp_instance_n=1000_171_cut252,252,0.0068,416.6557,416.6557,0.0,1.42,,TimeLimit,369.3,,,507.4276,3499.8368,FEASIBLE,180.05,589.72,17.89,,TimeLimit,369.3,
salbp_instance_n=1000_172_cut361,361,0.0052,736.0706,736.0706,0.0,3.77,,TimeLimit,386.12,,,844.3252,4401.3648,FEASIBLE,180.04,421.29,12.82,,TimeLimit,386.12,
salbp_instance_n=1000_173_cut259,259,0.00662,545.2479,545.2479,0.0,1.62,,TimeLimit,371.12,,,633.068,3598.8058,FEASIBLE,180.05,468.47,13.87,,TimeLimit,371.12,
salbp_instance_n=1000_174_cut399,399,0.00499,489.4296,489.4296,0.0,4.84,,TimeLimit,397.63,,,535.295,3876.73,FEASIBLE,180.05,624.22,8.57,,TimeLimit,397.63,
salbp_instance_n=1000_175_cut259,259,0.0068,191.9221,191.9221,0.0,1.39,,TimeLimit,370.55,,,204.6952,2712.2212,FEASIBLE,180.04,1225.0,6.24,,TimeLimit,370.55,
salbp_instance_n=1000_17_cut258,258,0.00686,361.1347,361.1347,0.0,1.19,,TimeLimit,369.81,,,426.8629,3137.1276,FEASIBLE,180.04,634.93,15.4,,TimeLimit,369.81,
salbp_instance_n=1000_18_cut280,280,0.00698,-1016.1623,-1016.1623,0.0,2.38,,TimeLimit,372.7,,,-692.391,1576.05,FEASIBLE,180.04,327.62,46.76,,TimeLimit,372.7,
salbp_instance_n=1000_19_cut280,280,0.00661,410.5385,410.5385,0.0,1.51,,TimeLimit,372.25,,,544.0388,3633.6826,FEASIBLE,180.04,567.91,24.54,,TimeLimit,372.25,
salbp_instance_n=1000_1_cut101,101,0.00943,429.45,429.45,0.0,0.21,-1050.1887,TimeLimit,180.75,206.18,-140.89,472.7708,1742.2058,FEASIBLE,180.05,268.51,9.16,-1050.1887,TimeLimit,180.75,-140.89
salbp_instance_n=1000_1_cut102,102,0.0093,490.5029,490.5029,0.0,0.22,-761.7348,TimeLimit,180.78,253.39,-164.39,521.2341,1741.3666,FEASIBLE,180.05,234.09,5.9,-761.7348,TimeLimit,180.78,-164.39
salbp_instance_n=1000_1_cut110,110,0.00943,412.2325,412.2325,0.0,0.18,268.2833,TimeLimit,180.93,362.92,-53.66,471.223,1922.3276,FEASIBLE,180.04,307.94,12.52,268.2833,TimeLimit,180.93,-53.66
salbp_instance_n=1000_1_cut115,115,0.00923,472.5292,472.5292,0.0,0.26,-2120.3219,TimeLimit,361.05,161.24,-122.29,455.1312,1951.1736,FEASIBLE,180.04,328.71,-3.82,-2120.3219,TimeLimit,361.05,-122.29
salbp_instance_n=1000_1_cut116,116,0.00926,388.049,388.049,0.0,0.28,-1486.5362,TimeLimit,181.09,186.36,-126.1,476.8725,1967.2077,FEASIBLE,180.03,312.52,18.63,-1486.5362,TimeLimit,181.09,-126.1
salbp_instance_n=1000_1_cut120,120,0.00914,469.5223,469.5223,0.0,0.36,,TimeLimit,361.02,,,509.4053,2049.308,FEASIBLE,180.03,302.29,7.83,,TimeLimit,361.02,
salbp_instance_n=1000_1_cut124,124,0.00885,453.3869,453.3869,0.0,0.21,-1853.3486,TimeLimit,181.32,173.35,-124.46,499.2464,2048.5856,FEASIBLE,180.04,310.34,9.19,-1853.3486,TimeLimit,181.32,-124.46
salbp_instance_n=1000_1_cut125,125,0.00886,388.0484,388.0484,0.0,0.36,,TimeLimit,361.14,,,527.8857,2031.51,FEASIBLE,180.04,284.84,26.49,,TimeLimit,361.14,
salbp_instance_n=1000_1_cut135,135,0.00863,437.4287,437.4287,0.0,0.42,-3111.8137,TimeLimit,361.62,150.51,-114.06,484.8944,2077.0348,FEASIBLE,180.13,328.35,9.79,-3111.8137,TimeLimit,361.62,-114.06
salbp_instance_n=1000_1_cut148,148,0.00848,442.8557,442.8557,0.0,0.3,,TimeLimit,361.77,,,523.042,2356.439,FEASIBLE,180.04,350.53,15.33,,TimeLimit,361.77,
salbp_instance_n=1000_1_cut163,163,0.00842,390.5673,390.5673,0.0,0.41,,TimeLimit,362.53,,,425.0648,2355.718,FEASIBLE,180.04,454.2,8.12,,TimeLimit,362.53,
salbp_instance_n=1000_1_cut180,180,0.00809,-390.6884,-390.6884,0.0,0.57,,TimeLimit,363.37,,,-300.7815,1062.93,FEASIBLE,180.04,453.39,29.89,,TimeLimit,363.37,
salbp_instance_n=1000_1_cut184,184,0.00796,461.3836,461.3836,0.0,0.86,,TimeLimit,363.9,,,510.152,2646.416,FEASIBLE,180.06,418.75,9.56,,TimeLimit,363.9,
salbp_instance_n=1000_1_cut187,187,0.00808,474.8245,474.8245,0.0,0.99,,TimeLimit,363.74,,,523.7476,2784.2757,FEASIBLE,180.04,431.61,9.34,,TimeLimit,363.74,
salbp_instance_n=1000_1_cut188,188,0.00785,375.7252,375.7252,0.0,0.74,,TimeLimit,363.82,,,518.9276,2734.96,FEASIBLE,180.04,427.04,27.6,,TimeLimit,363.82,
salbp_instance_n=1000_1_cut196,196,0.00821,198.0308,198.0308,0.0,1.22,,TimeLimit,364.98,,,226.5706,2165.681,FEASIBLE,180.06,855.85,12.6,,TimeLimit,364.98,
salbp_instance_n=1000_1_cut217,217,0.00768,448.0594,448.0594,0.0,0.93,,TimeLimit,366.45,,,484.9278,3011.6087,FEASIBLE,180.04,521.04,7.6,,TimeLimit,366.45,
salbp_instance_n=1000_1_cut224,224,0.00744,194.9523,194.9523,0.0,0.85,,TimeLimit,367.02,,,249.7646,2329.6,FEASIBLE,180.04,832.72,21.95,,TimeLimit,367.02,
salbp_instance_n=1000_1_cut235,235,0.00723,426.8381,426.8381,0.0,2.18,,TimeLimit,369.4,,,533.2696,3068.0872,FEASIBLE,180.57,475.34,19.96,,TimeLimit,369.4,
salbp_instance_n=1000_1_cut241,241,0.00697,23.5492,23.5492,0.0,1.71,,TimeLimit,368.63,,,141.486,1992.917,FEASIBLE,180.04,1308.56,83.36,,TimeLimit,368.63,
salbp_instance_n=1000_1_cut244,244,0.00707,507.7433,507.7433,0.0,1.3,,TimeLimit,368.81,,,570.9805,3134.5301,FEASIBLE,180.03,448.97,11.08,,TimeLimit,368.81,
salbp_instance_n=1000_1_cut245,245,0.00701,435.4742,435.4742,0.0,2.4,,TimeLimit,369.5,,,527.162,3089.999,FEASIBLE,180.05,486.16,17.39,,TimeLimit,369.5,
salbp_instance_n=1000_1_cut246,246,0.00733,475.9405,475.9405,0.0,3.32,,TimeLimit,377.65,,,609.0473,3194.2846,FEASIBLE,180.04,424.47,21.85,,TimeLimit,377.65,
salbp_instance_n=1000_1_cut249,249,0.00726,506.7766,506.7766,0.0,1.5,35.7127,TimeLimit,192.79,4.0,-1319.04,577.1222,3241.9909,FEASIBLE,180.05,461.75,12.19,35.7127,TimeLimit,192.79,-1319.04
salbp_instance_n=1000_1_cut254,254,0.00705,482.5235,482.5235,0.0,1.72,,TimeLimit,369.73,,,533.8108,2995.6834,FEASIBLE,180.04,461.19,9.61,,TimeLimit,369.73,
salbp_instance_n=1000_1_cut255,255,0.00706,167.7165,167.7165,0.0,1.34,,TimeLimit,371.4,,,203.3878,2239.0071,FEASIBLE,180.04,1000.86,17.54,,TimeLimit,371.4,
salbp_instance_n=1000_1_cut259,259,0.00692,277.6322,277.6322,0.0,2.29,,TimeLimit,372.24,,,305.5786,2542.0225,FEASIBLE,180.04,731.87,9.15,,TimeLimit,372.24,
salbp_instance_n=1000_1_cut27,27,0.00604,278.7454,278.7454,0.0,0.02,291.1486,Optimal,26.65,1.0,4.26,291.988,480.324,FEASIBLE,180.06,64.5,4.54,291.1486,Optimal,26.65,4.26
salbp_instance_n=1000_1_cut271,271,0.00684,510.9296,510.9296,0.0,3.32,,TimeLimit,371.45,,,543.4128,3255.4484,FEASIBLE,180.04,499.07,5.98,,TimeLimit,371.45,
salbp_instance_n=1000_1_cut291,291,0.0065,479.6484,479.6484,0.0,1.99,,TimeLimit,374.11,,,534.2815,3352.0385,FEASIBLE,180.05,527.39,10.23,,TimeLimit,374.11,
salbp_instance_n=1000_1_cut294,294,0.00641,463.0944,463.0944,0.0,3.94,,TimeLimit,374.63,,,555.4576,3411.9808,FEASIBLE,180.06,514.26,16.63,,TimeLimit,374.63,
salbp_instance_n=1000_1_cut297,297,0.00624,245.4395,245.4395,0.0,3.46,,TimeLimit,374.63,,,305.2806,2482.414,FEASIBLE,180.05,713.16,19.6,,TimeLimit,374.63,
salbp_instance_n=1000_1_cut302,302,0.00631,337.0725,337.0725,0.0,5.71,,TimeLimit,375.4,,,381.8765,2738.816,FEASIBLE,180.04,617.2,11.73,,TimeLimit,375.4,
salbp_instance_n=1000_1_cut305,305,0.00631,421.8155,421.8155,0.0,4.87,,TimeLimit,375.88,,,440.0525,2952.3273,FEASIBLE,180.05,570.9,4.14,,TimeLimit,375.88,
salbp_instance_n=1000_1_cut317,317,0.00602,571.8349,571.8349,0.0,4.16,,TimeLimit,378.06,,,577.584,3539.232,FEASIBLE,180.05,512.76,1.0,,TimeLimit,378.06,
salbp_instance_n=1000_1_cut321,321,0.00593,572.516,572.516,0.0,2.15,,TimeLimit,379.22,,,643.0635,3592.0481,FEASIBLE,180.05,458.58,10.97,,TimeLimit,379.22,
salbp_instance_n=1000_1_cut353,353,0.00569,400.1287,400.1287,0.0,4.91,,TimeLimit,384.39,,,406.5687,3432.0846,FEASIBLE,180.05,744.16,1.58,,TimeLimit,384.39,
salbp_instance_n=1000_1_cut365,365,0.00539,233.9852,233.9852,0.0,4.91,,TimeLimit,387.86,,,275.1208,2810.4298,FEASIBLE,180.04,921.53,14.95,,TimeLimit,387.86,
salbp_instance_n=1000_1_cut369,369,0.00551,-566.8898,-566.8898,0.0,10.79,,TimeLimit,388.76,,,-292.7645,1746.956,FEASIBLE,180.05,696.71,93.63,,TimeLimit,388.76,
salbp_instance_n=1000_1_cut373,373,0.00535,183.9653,183.9653,0.0,3.56,,TimeLimit,389.79,,,263.058,2656.2083,FEASIBLE,180.03,909.74,30.07,,TimeLimit,389.79,
salbp_instance_n=1000_1_cut384,384,0.00534,167.7379,167.7379,0.0,4.57,,TimeLimit,391.52,,,153.3907,2650.9876,FEASIBLE,180.05,1628.26,-9.35,,TimeLimit,391.52,
salbp_instance_n=1000_1_cut388,388,0.00529,335.9755,335.9755,0.0,5.6,,TimeLimit,392.57,,,405.8121,2879.4121,FEASIBLE,180.04,609.54,17.21,,TimeLimit,392.57,
salbp_instance_n=1000_1_cut391,391,0.00542,551.1308,551.1308,0.0,4.17,,TimeLimit,393.55,,,640.8982,3787.4194,FEASIBLE,180.04,490.95,14.01,,TimeLimit,393.55,
salbp_instance_n=1000_1_cut394,394,0.00531,592.3634,592.3634,0.0,5.71,,TimeLimit,395.62,,,721.2548,3728.2402,FEASIBLE,180.05,416.91,17.87,,TimeLimit,395.62,
salbp_instance_n=1000_1_cut400,400,0.00524,568.9042,568.9042,0.0,5.7,,TimeLimit,397.26,,,650.1232,3866.3552,FEASIBLE,180.05,494.71,12.49,,TimeLimit,397.26,
salbp_instance_n=1000_1_cut408,408,0.00519,538.5565,538.5565,0.0,5.52,,TimeLimit,399.49,,,569.3224,2947.0452,FEASIBLE,180.06,417.64,5.4,,TimeLimit,399.49,
salbp_instance_n=1000_1_cut409,409,0.00517,589.9506,589.9506,0.0,4.06,,TimeLimit,399.98,,,640.1804,3892.8616,FEASIBLE,180.05,508.09,7.85,,TimeLimit,399.98,
salbp_instance_n=1000_1_cut410,410,0.00515,454.969,454.969,0.0,8.9,,TimeLimit,400.15,,,463.4516,3112.9128,FEASIBLE,180.06,571.68,1.83,,TimeLimit,400.15,
salbp_instance_n=1000_1_cut450,450,0.00476,-222.1232,-222.1232,0.0,11.58,,TimeLimit,413.21,,,-87.96,2313.9312,FEASIBLE,180.06,2730.66,152.53,,TimeLimit,413.21,
salbp_instance_n=1000_1_cut453,453,0.00475,608.1666,608.1666,0.0,10.05,,TimeLimit,414.17,,,718.2623,4048.8841,FEASIBLE,180.06,463.71,15.33,,TimeLimit,414.17,
salbp_instance_n=1000_1_cut46,46,0.00814,426.9097,426.9097,0.0,0.05,-175.7233,TimeLimit,237.86,451.63,-342.94,451.9156,838.864,FEASIBLE,180.06,85.62,5.53,-175.7233,TimeLimit,237.86,-342.94
salbp_instance_n=1000_1_cut48,48,0.0083,431.2196,431.2196,0.0,0.03,443.7819,TimeLimit,180.16,36.93,2.83,444.9111,889.1444,FEASIBLE,180.06,99.85,3.08,443.7819,TimeLimit,180.16,2.83
salbp_instance_n=1000_1_cut480,480,0.00453,513.4272,513.4272,0.0,8.72,,TimeLimit,423.16,,,622.0915,4231.3355,FEASIBLE,180.07,580.18,17.47,,TimeLimit,423.16,
salbp_instance_n=1000_1_cut485,485,0.00445,586.8867,586.8867,0.0,7.55,,TimeLimit,425.3,,,715.6175,4274.1405,FEASIBLE,180.06,497.27,17.99,,TimeLimit,425.3,
salbp_instance_n=1000_1_cut491,491,0.00439,667.0387,667.0387,0.0,12.43,,TimeLimit,428.64,,,795.7344,4189.6256,FEASIBLE,180.07,426.51,16.17,,TimeLimit,428.64,
salbp_instance_n=1000_1_cut494,494,0.00449,533.5697,533.5697,0.0,9.81,,TimeLimit,429.5,,,608.537,3400.572,FEASIBLE,180.05,458.81,12.32,,TimeLimit,429.5,
salbp_instance_n=1000_1_cut51,51,0.00853,456.5883,456.5883,0.0,0.04,499.1979,TimeLimit,180.13,16.35,8.54,500.6325,960.012,FEASIBLE,180.05,91.76,8.8,499.1979,TimeLimit,180.13,8.54
salbp_instance_n=1000_1_cut53,53,0.00789,413.7392,413.7392,0.0,0.05,-289.9206,TimeLimit,198.51,357.04,-242.71,439.6852,908.9132,FEASIBLE,180.07,106.72,5.9,-289.9206,TimeLimit,198.51,-242.71
salbp_instance_n=1000_1_cut538,538,0.00407,-1877.0301,-1877.0301,0.0,13.69,,TimeLimit,454.03,,,-1557.4623,483.4186,FEASIBLE,180.05,131.04,20.52,,TimeLimit,454.03,
salbp_instance_n=1000_1_cut567,567,0.00395,620.9959,620.9959,0.0,17.25,,TimeLimit,552.27,,,700.9236,4534.7507,FEASIBLE,180.04,546.97,11.4,,TimeLimit,552.27,
salbp_instance_n=1000_1_cut570,570,0.00391,411.9253,411.9253,0.0,18.99,,TimeLimit,571.65,,,413.2919,4361.84,FEASIBLE,180.03,955.39,0.33,,TimeLimit,571.65,
salbp_instance_n=1000_1_cut579,579,0.00393,-1914.0704,-1914.0704,0.0,28.02,,TimeLimit,606.88,,,-1582.6898,983.3928,FEASIBLE,180.04,162.13,20.94,,TimeLimit,606.88,
salbp_instance_n=1000_1_cut586,586,0.00381,653.1643,653.1643,0.0,25.62,,TimeLimit,682.36,,,823.5372,4528.7082,FEASIBLE,180.03,449.91,20.69,,TimeLimit,682.36,
salbp_instance_n=1000_1_cut591,591,0.00381,659.0333,659.0333,0.0,20.88,,TimeLimit,733.12,,,843.3138,4585.0838,FEASIBLE,180.04,443.7,21.85,,TimeLimit,733.12,
salbp_instance_n=1000_1_cut595,595,0.00377,-2319.7294,-2319.7294,0.0,12.57,,TimeLimit,722.19,,,-2091.395,407.0912,FEASIBLE,180.03,119.47,10.92,,TimeLimit,722.19,
salbp_instance_n=1000_1_cut612,612,0.00372,-2102.1876,-2102.1876,0.0,13.79,,TimeLimit,866.15,,,-1721.3008,858.6927,FEASIBLE,180.03,149.89,22.13,,TimeLimit,866.15,
salbp_instance_n=1000_1_cut624,624,0.00358,-8384.7405,-8384.7405,0.0,19.99,,TimeLimit,1010.67,,,-7998.7332,-5330.3064,FEASIBLE,180.09,33.36,4.83,,TimeLimit,1010.67,
salbp_instance_n=1000_1_cut625,625,0.00357,606.2879,606.2879,0.0,19.29,,TimeLimit,661.23,,,664.2896,4862.218,FEASIBLE,180.04,631.94,8.73,,TimeLimit,661.23,
salbp_instance_n=1000_1_cut637,637,0.00351,696.3104,696.3104,0.0,22.28,,TimeLimit,513.15,,,796.9565,4053.9715,FEASIBLE,180.04,408.68,12.63,,TimeLimit,513.15,
salbp_instance_n=1000_1_cut639,639,0.00342,660.2629,660.2629,0.0,30.93,,TimeLimit,531.26,,,803.1452,4973.468,FEASIBLE,180.04,519.25,17.79,,TimeLimit,531.26,
salbp_instance_n=1000_1_cut644,644,0.00339,219.1286,219.1286,0.0,24.65,,TimeLimit,811.56,,,228.3194,3364.6302,FEASIBLE,180.03,1373.65,4.03,,TimeLimit,811.56,
salbp_instance_n=1000_1_cut65,65,0.0097,430.9463,430.9463,0.0,0.06,474.5936,TimeLimit,180.24,51.28,9.2,481.9336,1177.2434,FEASIBLE,180.04,144.28,10.58,474.5936,TimeLimit,180.24,9.2
salbp_instance_n=1000_1_cut654,654,0.00337,257.8158,257.8158,0.0,20.17,,TimeLimit,814.85,,,416.9494,2958.7652,FEASIBLE,180.04,609.62,38.17,,TimeLimit,814.85,
salbp_instance_n=1000_1_cut664,664,0.00342,-633.1972,-633.1972,0.0,17.14,,TimeLimit,854.73,,,-449.343,2211.7406,FEASIBLE,180.03,592.22,40.92,,TimeLimit,854.73,
salbp_instance_n=1000_1_cut67,67,0.00995,452.7949,452.7949,0.0,0.12,511.0191,TimeLimit,180.26,39.81,11.39,524.37,1224.02,FEASIBLE,180.03,133.43,13.65,511.0191,TimeLimit,180.26,11.39
salbp_instance_n=1000_1_cut671,671,0.00343,-6999.0729,-6999.0729,0.0,36.74,,TimeLimit,894.64,,,-6416.53,-3676.7058,FEASIBLE,180.02,42.7,9.08,,TimeLimit,894.64,
salbp_instance_n=1000_1_cut675,675,0.00343,-1085.6933,-1085.6933,0.0,21.03,,TimeLimit,921.85,,,-820.9568,2189.5018,FEASIBLE,180.02,366.7,32.25,,TimeLimit,921.85,
salbp_instance_n=1000_1_cut676,676,0.00341,-3800.4648,-3800.4648,0.0,35.48,,TimeLimit,918.12,,,-3465.214,-619.8242,FEASIBLE,180.04,82.11,9.67,,TimeLimit,918.12,
salbp_instance_n=1000_1_cut684,684,0.00336,128.5279,128.5279,0.0,31.23,,TimeLimit,557.41,,,164.363,3497.3938,FEASIBLE,180.03,2027.85,21.8,,TimeLimit,557.41,
salbp_instance_n=1000_1_cut686,686,0.00339,-277.6907,-277.6907,0.0,20.81,,TimeLimit,571.54,,,-149.2768,2539.7718,FEASIBLE,180.04,1801.38,86.02,,TimeLimit,571.54,
salbp_instance_n=1000_1_cut698,698,0.00332,615.2785,615.2785,0.0,43.99,,TimeLimit,577.35,,,708.7093,4016.4541,FEASIBLE,180.04,466.73,13.18,,TimeLimit,577.35,
salbp_instance_n=1000_1_cut707,707,0.00323,-1034.7259,-1034.7259,0.0,33.18,,TimeLimit,609.22,,,-763.2384,2238.688,FEASIBLE,180.07,393.31,35.57,,TimeLimit,609.22,
salbp_instance_n=1000_1_cut713,713,0.00325,802.8465,802.8465,0.0,26.75,,TimeLimit,606.46,,,967.208,5082.9248,FEASIBLE,180.05,425.53,16.99,,TimeLimit,606.46,
salbp_instance_n=1000_1_cut720,720,0.00322,-7111.5189,-7111.5189,0.0,43.24,,TimeLimit,635.33,,,-6603.392,-3646.3424,FEASIBLE,180.06,44.78,7.69,,TimeLimit,635.33,
salbp_instance_n=1000_1_cut722,722,0.00322,-138.1129,-138.1129,0.0,27.75,,TimeLimit,610.46,,,-22.5152,2827.52,FEASIBLE,180.11,12658.27,513.42,,TimeLimit,610.46,
salbp_instance_n=1000_1_cut725,725,0.00328,-8060.5126,-8060.5126,0.0,21.12,,TimeLimit,640.98,,,-7670.3264,-4840.372,FEASIBLE,181.24,36.89,5.09,,TimeLimit,640.98,
salbp_instance_n=1000_1_cut735,735,0.00319,-2247.8375,-2247.8375,0.0,35.61,,TimeLimit,719.11,,,-1975.0992,1131.5744,FEASIBLE,180.11,157.29,13.81,,TimeLimit,719.11,
salbp_instance_n=1000_1_cut739,739,0.00315,-1984.1232,-1984.1232,0.0,37.41,,TimeLimit,739.31,,,-1704.2819,1232.2518,FEASIBLE,180.03,172.3,16.42,,TimeLimit,739.31,
salbp_instance_n=1000_1_cut742,742,0.00314,-652.9826,-652.9826,0.0,27.9,,TimeLimit,1052.66,,,-404.0605,2274.0904,FEASIBLE,180.1,662.81,61.61,,TimeLimit,1052.66,
salbp_instance_n=1000_1_cut754,754,0.00305,769.6319,769.6319,0.0,41.26,,TimeLimit,1113.38,,,925.687,5521.083,FEASIBLE,180.05,496.43,16.86,,TimeLimit,1113.38,
salbp_instance_n=1000_1_cut767,767,0.00306,605.5123,605.5123,0.0,33.08,,TimeLimit,1204.31,,,665.7139,4015.8786,FEASIBLE,180.04,503.24,9.04,,TimeLimit,1204.31,
salbp_instance_n=1000_1_cut768,768,0.00309,-11259.7733,-11259.7733,0.0,42.82,,TimeLimit,1192.33,,,-11049.7437,-7585.2431,FEASIBLE,180.04,31.35,1.9,,TimeLimit,1192.33,
salbp_instance_n=1000_1_cut775,775,0.00304,-50.6968,-50.6968,0.0,52.36,,TimeLimit,1361.8,,,14.817,3445.237,FEASIBLE,180.04,23151.92,442.15,,TimeLimit,1361.8,
salbp_instance_n=1000_1_cut779,779,0.00303,-4966.6286,-4966.6286,0.0,30.53,,TimeLimit,1552.45,,,-4450.571,-1642.674,FEASIBLE,180.19,63.09,11.6,,TimeLimit,1552.45,
salbp_instance_n=1000_1_cut78,78,0.00999,358.5839,358.5839,0.0,0.12,333.0108,TimeLimit,180.37,155.56,-7.68,459.98,1392.22,FEASIBLE,180.04,202.67,22.04,333.0108,TimeLimit,180.37,-7.68
salbp_instance_n=1000_1_cut780,780,0.003,-1359.2359,-1359.2359,0.0,37.73,,TimeLimit,1548.05,,,-1081.911,2166.337,FEASIBLE,180.04,300.23,25.63,,TimeLimit,1548.05,
salbp_instance_n=1000_1_cut798,798,0.00298,-460.6349,-460.6349,0.0,50.35,,TimeLimit,1701.23,,,-338.262,2776.025,FEASIBLE,180.15,920.67,36.18,,TimeLimit,1701.23,
salbp_instance_n=1000_1_cut802,802,0.00295,-4411.6214,-4411.6214,0.0,57.09,,TimeLimit,1734.06,,,-4179.727,-1274.579,FEASIBLE,180.04,69.51,5.55,,TimeLimit,1734.06,
salbp_instance_n=1000_1_cut807,807,0.00294,-10621.8812,-10621.8812,0.0,54.25,,TimeLimit,1765.64,,,-9895.2661,-6401.571,FEASIBLE,180.04,35.31,7.34,,TimeLimit,1765.64,
salbp_instance_n=1000_1_cut812,812,0.00289,740.33,740.33,0.0,31.07,,TimeLimit,1655.01,,,801.0536,5432.8319,FEASIBLE,180.04,578.21,7.58,,TimeLimit,1655.01,
salbp_instance_n=1000_1_cut815,815,0.00284,-526.9835,-526.9835,0.0,43.82,,TimeLimit,723.99,,,-306.2756,3058.7932,FEASIBLE,180.04,1098.71,72.06,,TimeLimit,723.99,
salbp_instance_n=1000_1_cut846,846,0.00279,-1277.1775,-1277.1775,0.0,64.05,,TimeLimit,720.93,,,-1087.262,2210.1712,FEASIBLE,180.04,303.28,17.47,,TimeLimit,720.93,
salbp_instance_n=1000_1_cut847,847,0.00281,689.2282,689.2282,0.0,44.87,,TimeLimit,726.28,,,837.1472,5704.2844,FEASIBLE,180.04,581.4,17.67,,TimeLimit,726.28,
salbp_instance_n=1000_1_cut849,849,0.00279,-10895.2328,-10895.2328,0.0,68.68,,TimeLimit,727.06,,,-10773.2096,-6944.472,FEASIBLE,180.05,35.54,1.13,,TimeLimit,727.06,
salbp_instance_n=1000_1_cut862,862,0.00276,691.7525,691.7525,0.0,56.45,,TimeLimit,740.22,,,763.3048,4517.6312,FEASIBLE,180.05,491.85,9.37,,TimeLimit,740.22,
salbp_instance_n=1000_1_cut870,870,0.00273,-669.3857,-669.3857,0.0,40.96,,TimeLimit,748.26,,,-450.7968,2880.2866,FEASIBLE,180.06,738.93,48.49,,TimeLimit,748.26,
salbp_instance_n=1000_1_cut875,875,0.00273,-4624.3541,-4624.3541,0.0,42.7,,TimeLimit,750.16,,,-4137.557,-1108.7401,FEASIBLE,180.07,73.2,11.77,,TimeLimit,750.16,
salbp_instance_n=1000_1_cut884,884,0.00271,-12966.4095,-12966.4095,0.0,41.71,,TimeLimit,760.3,,,-12289.6145,-6390.7525,FEASIBLE,180.25,48.0,5.51,,TimeLimit,760.3,
salbp_instance_n=1000_1_cut888,888,0.00264,846.5891,846.5891,0.0,53.58,,TimeLimit,770.37,,,892.9986,5772.7398,FEASIBLE,180.05,546.44,5.2,,TimeLimit,770.37,
salbp_instance_n=1000_1_cut896,896,0.0027,-8929.6401,-8929.6401,0.0,66.4,,TimeLimit,803.98,,,-8671.8111,-5044.4574,FEASIBLE,180.04,41.83,2.97,,TimeLimit,803.98,
salbp_instance_n=1000_1_cut903,903,0.00266,160.5534,160.5534,0.0,52.52,,TimeLimit,796.72,,,185.1624,4000.6658,FEASIBLE,180.06,2060.63,13.29,,TimeLimit,796.72,
salbp_instance_n=1000_1_cut908,908,0.00263,-5814.0136,-5814.0136,0.0,70.03,,TimeLimit,857.41,,,-5294.4948,-1836.7806,FEASIBLE,180.04,65.31,9.81,,TimeLimit,857.41,
salbp_instance_n=1000_1_cut911,911,0.00262,-3846.9723,-3846.9723,0.0,66.52,,TimeLimit,818.39,,,-3400.7414,-354.3374,FEASIBLE,180.13,89.58,13.12,,TimeLimit,818.39,
salbp_instance_n=1000_1_cut92,92,0.00948,434.3058,434.3058,0.0,0.11,158.3355,TimeLimit,180.57,538.74,-174.29,478.6515,1569.8925,FEASIBLE,180.03,227.98,9.26,158.3355,TimeLimit,180.57,-174.29
salbp_instance_n=1000_1_cut927,927,0.00256,-19357.7965,-19357.7965,0.0,51.38,,TimeLimit,1003.36,,,-19539.7502,-12486.5666,FEASIBLE,180.04,36.1,-0.93,,TimeLimit,1003.36,
salbp_instance_n=1000_1_cut934,934,0.00256,-6914.4631,-6914.4631,0.0,88.83,,TimeLimit,1008.1,,,-6715.453,-2493.4958,FEASIBLE,180.04,62.87,2.96,,TimeLimit,1008.1,
salbp_instance_n=1000_1_cut94,94,0.00935,412.7492,412.7492,0.0,0.17,82.6114,TimeLimit,180.61,3.0,-399.63,434.7518,1598.3396,FEASIBLE,180.05,267.64,5.06,82.6114,TimeLimit,180.61,-399.63
salbp_instance_n=1000_1_cut965,965,0.00249,-12351.8558,-12351.8558,0.0,97.63,,TimeLimit,1216.88,,,-12219.535,-5254.74,FEASIBLE,180.07,57.0,1.08,,TimeLimit,1216.88,
salbp_instance_n=1000_1_cut968,968,0.00247,-6430.605,-6430.605,0.0,67.91,,TimeLimit,1235.78,,,-6151.965,-1721.2275,FEASIBLE,180.05,72.02,4.53,,TimeLimit,1235.78,
salbp_instance_n=1000_1_cut980,980,0.00245,775.8872,775.8872,0.0,47.15,,TimeLimit,1325.96,,,779.7875,4878.3625,FEASIBLE,180.04,525.6,0.5,,TimeLimit,1325.96,
salbp_instance_n=1000_201_cut373,373,0.00467,581.0796,581.0796,0.0,4.54,,TimeLimit,390.37,,,730.3684,4504.48,FEASIBLE,180.04,516.74,20.44,,TimeLimit,390.37,
salbp_instance_n=1000_202_cut361,361,0.00493,658.8494,658.8494,0.0,4.1,,TimeLimit,386.13,,,814.2617,4323.7355,FEASIBLE,180.05,431.0,19.09,,TimeLimit,386.13,
salbp_instance_n=1000_203_cut259,259,0.0062,599.0809,599.0809,0.0,1.44,,TimeLimit,370.46,,,644.7246,3557.0606,FEASIBLE,180.04,451.72,7.08,,TimeLimit,370.46,
salbp_instance_n=1000_204_cut387,387,0.00443,584.0349,584.0349,0.0,9.22,,TimeLimit,400.57,,,608.8172,4315.01,FEASIBLE,180.06,608.75,4.07,,TimeLimit,400.57,
salbp_instance_n=1000_205_cut214,214,0.00668,537.6142,537.6142,0.0,1.45,,TimeLimit,366.21,,,661.4656,3228.9236,FEASIBLE,180.05,388.15,18.72,,TimeLimit,366.21,
salbp_instance_n=1000_206_cut278,278,0.00601,621.6193,621.6193,0.0,4.26,,TimeLimit,372.87,,,672.94,3752.778,FEASIBLE,180.04,457.67,7.63,,TimeLimit,372.87,
salbp_instance_n=1000_207_cut324,324,0.00504,344.6694,344.6694,0.0,4.72,,TimeLimit,379.51,,,404.135,3556.12,FEASIBLE,180.05,779.93,14.71,,TimeLimit,379.51,
salbp_instance_n=1000_208_cut318,318,0.00504,652.5442,652.5442,0.0,5.94,31.0646,TimeLimit,201.27,4.0,-2000.6,780.67,4209.515,FEASIBLE,180.04,439.22,16.41,31.0646,TimeLimit,201.27,-2000.6
salbp_instance_n=1000_209_cut360,360,0.00483,692.5152,692.5152,0.0,4.54,,TimeLimit,391.9,,,838.3872,4205.4544,FEASIBLE,180.07,401.61,17.4,,TimeLimit,391.9,
salbp_instance_n=1000_20_cut228,228,0.00719,496.7185,496.7185,0.0,1.42,,TimeLimit,368.24,,,617.2936,3264.2016,FEASIBLE,180.04,428.79,19.53,,TimeLimit,368.24,
salbp_instance_n=1000_210_cut335,335,0.00505,465.7436,465.7436,0.0,3.28,,TimeLimit,382.22,,,520.5143,3741.3075,FEASIBLE,180.05,618.77,10.52,,TimeLimit,382.22,
salbp_instance_n=1000_240_cut350,350,0.00541,-10296.9804,-10296.9804,0.0,3.01,,TimeLimit,400.97,,,-9790.8826,-9282.707,FEASIBLE,180.03,5.19,5.17,,TimeLimit,400.97,
salbp_instance_n=1000_241_cut391,391,0.00481,-11843.1825,-11843.1825,0.0,4.65,,TimeLimit,403.34,,,-11318.5328,-10741.5104,FEASIBLE,180.04,5.1,4.64,,TimeLimit,403.34,
salbp_instance_n=1000_242_cut361,361,0.00519,-10782.8412,-10782.8412,0.0,3.25,,TimeLimit,395.15,,,-10326.2348,-9401.098,FEASIBLE,180.05,8.96,4.42,,TimeLimit,395.15,
salbp_instance_n=1000_243_cut356,356,0.00521,-2127.1518,-2127.1518,0.0,4.24,,TimeLimit,421.36,,,-1866.2036,-1404.3352,FEASIBLE,180.04,24.75,13.98,,TimeLimit,421.36,
salbp_instance_n=1000_244_cut214,214,0.00804,-1493.0809,-1493.0809,0.0,1.3,,TimeLimit,367.67,,,-1269.568,-677.208,FEASIBLE,180.06,46.66,17.61,,TimeLimit,367.67,
salbp_instance_n=1000_245_cut373,373,0.00463,-3704.6684,-3704.6684,0.0,7.09,,TimeLimit,400.75,,,-3288.0114,-2280.3112,FEASIBLE,180.06,30.65,12.67,,TimeLimit,400.75,
salbp_instance_n=1000_246_cut252,252,0.00672,-5015.7937,-5015.7937,0.0,1.9,,TimeLimit,372.51,,,-4756.777,-4202.949,FEASIBLE,180.05,11.64,5.45,,TimeLimit,372.51,
salbp_instance_n=1000_247_cut251,251,0.00687,-3531.0704,-3531.0704,0.0,2.89,,TimeLimit,373.03,,,-3368.349,-2834.146,FEASIBLE,180.04,15.86,4.83,,TimeLimit,373.03,
salbp_instance_n=1000_248_cut358,358,0.00499,-2270.5511,-2270.5511,0.0,3.71,,TimeLimit,395.96,,,-2109.995,-1629.625,FEASIBLE,180.04,22.77,7.61,,TimeLimit,395.96,
salbp_instance_n=1000_249_cut225,225,0.00774,-1298.8928,-1298.8928,0.0,2.42,,TimeLimit,367.78,,,-981.1311,-321.3932,FEASIBLE,180.05,67.24,32.39,,TimeLimit,367.78,
salbp_instance_n=1000_250_cut299,299,0.00604,-377.8151,-377.8151,0.0,3.94,,TimeLimit,383.47,,,-263.992,407.116,FEASIBLE,180.04,254.22,43.12,,TimeLimit,383.47,
salbp_instance_n=100_1,100,0.00954,599.4525,599.4525,0.0,0.36,26.4082,TimeLimit,180.84,3.0,-2169.95,619.6185,1556.258,FEASIBLE,182.03,151.16,3.25,26.4082,TimeLimit,180.84,-2169.95
salbp_instance_n=100_10,100,0.01012,500.6032,500.6032,0.0,0.19,-695.3661,TimeLimit,180.91,260.96,-171.99,509.393,1427.9288,FEASIBLE,183.46,180.32,1.73,-695.3661,TimeLimit,180.91,-171.99
salbp_instance_n=100_100,100,0.01445,-662.0588,-662.0588,0.0,0.17,-644.0087,TimeLimit,198.23,73.94,2.8,-562.7904,-500.8768,FEASIBLE,180.15,11.0,17.64,-644.0087,TimeLimit,198.23,2.8
salbp_instance_n=100_20,100,0.01024,515.4932,515.4932,0.0,0.17,-1602.0136,TimeLimit,466.7,182.53,-132.18,531.687,1274.5466,FEASIBLE,180.84,139.72,3.05,-1602.0136,TimeLimit,466.7,-132.18
salbp_instance_n=100_21,100,0.01062,436.9902,436.9902,0.0,0.23,-319.0842,TimeLimit,181.0,435.65,-236.95,515.2194,1588.582,FEASIBLE,180.04,208.33,15.18,-319.0842,TimeLimit,181.0,-236.95
salbp_instance_n=100_22,100,0.00874,502.5795,502.5795,0.0,0.23,60.8286,TimeLimit,277.63,3.0,-726.22,533.5352,1135.9954,FEASIBLE,182.69,112.92,5.8,60.8286,TimeLimit,277.63,-726.22
salbp_instance_n=100_23,100,0.00924,544.9001,544.9001,0.0,0.13,-557.9658,TimeLimit,691.53,347.9,-197.66,591.5008,1301.6652,FEASIBLE,180.24,120.06,7.88,-557.9658,TimeLimit,691.53,-197.66
salbp_instance_n=100_24,100,0.00896,556.0717,556.0717,0.0,0.18,154.9821,TimeLimit,180.89,666.72,-258.8,590.67,1529.006,FEASIBLE,183.0,158.86,5.86,154.9821,TimeLimit,180.89,-258.8
salbp_instance_n=100_25,100,0.00931,604.9154,604.9154,0.0,0.38,336.19,TimeLimit,180.89,247.8,-79.93,644.7843,1484.2844,FEASIBLE,180.84,130.2,6.18,336.19,TimeLimit,180.89,-79.93
salbp_instance_n=100_26,100,0.01249,471.5456,471.5456,0.0,0.23,223.9132,TimeLimit,180.85,389.04,-110.59,525.2625,1441.7,FEASIBLE,180.24,174.47,10.23,223.9132,TimeLimit,180.85,-110.59
salbp_instance_n=100_27,100,0.01233,362.2606,362.2606,0.0,0.2,-536.2712,TimeLimit,180.91,293.8,-167.55,380.8663,987.8666,FEASIBLE,183.84,159.37,4.89,-536.2712,TimeLimit,180.91,-167.55
salbp_instance_n=100_28,100,0.01129,518.0175,518.0175,0.0,0.31,169.3448,TimeLimit,180.84,542.99,-205.9,540.06,1452.1618,FEASIBLE,180.03,168.89,4.08,169.3448,TimeLimit,180.84,-205.9
salbp_instance_n=100_29,100,0.01234,277.665,277.665,0.0,0.24,-920.7793,TimeLimit,180.91,212.61,-130.16,307.2796,954.7709,FEASIBLE,180.06,210.72,9.64,-920.7793,TimeLimit,180.91,-130.16
salbp_instance_n=100_30,100,0.01321,378.135,378.135,0.0,0.26,-318.2937,TimeLimit,1705.6,426.32,-218.8,394.4408,1222.9948,FEASIBLE,183.8,210.06,4.13,-318.2937,TimeLimit,1705.6,-218.8
salbp_instance_n=100_31,100,0.01323,422.7208,422.7208,0.0,0.15,-333.681,TimeLimit,180.91,419.46,-226.68,486.1816,1399.1564,FEASIBLE,181.43,187.78,13.05,-333.681,TimeLimit,180.91,-226.68
salbp_instance_n=100_32,100,0.01282,471.5898,471.5898,0.0,0.29,157.5373,TimeLimit,180.82,607.71,-199.35,495.88,1517.8608,FEASIBLE,180.22,206.09,4.9,157.5373,TimeLimit,180.82,-199.35
salbp_instance_n=100_33,100,0.01295,466.0425,466.0425,0.0,0.17,-86.735,TimeLimit,180.88,3.0,-637.32,490.896,1320.404,FEASIBLE,180.46,168.98,5.06,-86.735,TimeLimit,180.88,-637.32
salbp_instance_n=100_34,100,0.01198,490.3003,490.3003,0.0,0.31,114.7013,TimeLimit,180.84,887.79,-327.46,525.056,1510.712,FEASIBLE,180.05,187.72,6.62,114.7013,TimeLimit,180.84,-327.46
salbp_instance_n=100_35,100,0.01203,412.9229,412.9229,0.0,0.14,-378.1947,TimeLimit,180.9,372.86,-209.18,482.772,1326.108,FEASIBLE,182.46,174.69,14.47,-378.1947,TimeLimit,180.9,-209.18
salbp_instance_n=100_36,100,0.01193,361.7789,361.7789,0.0,0.14,-144.873,TimeLimit,292.15,802.62,-349.72,380.7733,1169.6846,FEASIBLE,182.58,207.19,4.99,-144.873,TimeLimit,292.15,-349.72
salbp_instance_n=100_37,100,0.01204,480.7529,480.7529,0.0,0.15,-834.0288,TimeLimit,180.87,232.62,-157.64,511.804,1307.516,FEASIBLE,182.32,155.47,6.07,-834.0288,TimeLimit,180.87,-157.64
salbp_instance_n=100_38,100,0.01192,493.8296,493.8296,0.0,0.19,-930.0501,TimeLimit,180.86,220.13,-153.1,523.5873,1425.4432,FEASIBLE,180.11,172.25,5.68,-930.0501,TimeLimit,180.86,-153.1
salbp_instance_n=100_39,100,0.01267,468.1045,468.1045,0.0,0.28,37.7488,TimeLimit,180.86,3.0,-1140.05,541.8543,1517.7296,FEASIBLE,180.04,180.1,13.61,37.7488,TimeLimit,180.86,-1140.05
salbp_instance_n=100_40,100,0.01296,441.9524,441.9524,0.0,0.12,-190.5562,TimeLimit,180.89,675.47,-331.93,478.691,1240.739,FEASIBLE,180.92,159.19,7.67,-190.5562,TimeLimit,180.89,-331.93
salbp_instance_n=100_41,100,0.01368,384.0299,384.0299,0.0,0.14,-498.3296,TimeLimit,180.93,311.64,-177.06,415.3854,1203.2959,FEASIBLE,181.03,189.68,7.55,-498.3296,TimeLimit,180.93,-177.06
salbp_instance_n=100_42,100,0.01196,481.5935,481.5935,0.0,0.15,-489.2118,TimeLimit,180.89,321.84,-198.44,508.304,1403.324,FEASIBLE,180.13,176.08,5.25,-489.2118,TimeLimit,180.89,-198.44
salbp_instance_n=100_43,100,0.01071,474.8977,474.8977,0.0,0.18,159.479,TimeLimit,180.86,552.31,-197.78,540.0163,1341.3643,FEASIBLE,180.76,148.39,12.06,159.479,TimeLimit,180.86,-197.78
salbp_instance_n=100_44,100,0.01289,403.9755,403.9755,0.0,0.2,-8.4497,TimeLimit,180.93,4.0,-4880.94,440.3644,1202.4099,FEASIBLE,182.71,173.05,8.26,-8.4497,TimeLimit,180.93,-4880.94
salbp_instance_n=100_45,100,0.01139,450.5663,450.5663,0.0,0.15,-368.8654,TimeLimit,648.88,393.34,-222.15,467.2212,1320.8856,FEASIBLE,182.59,182.71,3.56,-368.8654,TimeLimit,648.88,-222.15
salbp_instance_n=100_46,100,0.01116,482.3218,482.3218,0.0,0.15,-374.8647,TimeLimit,180.89,405.79,-228.67,498.3824,1126.6848,FEASIBLE,182.46,126.07,3.22,-374.8647,TimeLimit,180.89,-228.67
salbp_instance_n=100_47,100,0.01169,456.7229,456.7229,0.0,0.2,-107.6903,TimeLimit,182.54,3.0,-524.11,530.4241,1577.6251,FEASIBLE,180.12,197.43,13.89,-107.6903,TimeLimit,182.54,-524.11
salbp_instance_n=100_48,100,0.01245,467.6443,467.6443,0.0,0.15,-360.4925,TimeLimit,180.87,409.64,-229.72,515.8976,1369.8348,FEASIBLE,182.75,165.52,9.35,-360.4925,TimeLimit,180.87,-229.72
salbp_instance_n=100_49,100,0.0123,314.1973,314.1973,0.0,0.3,-896.4411,TimeLimit,227.77,221.1,-135.05,362.8168,1164.911,FEASIBLE,182.31,221.07,13.4,-896.4411,TimeLimit,227.77,-135.05
salbp_instance_n=100_50,100,0.01103,359.2275,359.2275,0.0,0.2,-154.4851,TimeLimit,180.96,770.69,-332.53,427.344,1348.159,FEASIBLE,181.59,215.47,15.94,-154.4851,TimeLimit,180.96,-332.53
salbp_instance_n=100_51,100,0.00522,771.4993,771.4993,0.0,0.12,-1562.9524,TimeLimit,182.44,197.06,-149.36,829.2616,1691.0868,FEASIBLE,180.07,103.93,6.97,-1562.9524,TimeLimit,182.44,-149.36
salbp_instance_n=100_52,100,0.00587,601.0244,601.0244,0.0,0.18,409.3818,TimeLimit,180.97,232.69,-46.81,676.9764,1542.3855,FEASIBLE,180.22,127.83,11.22,409.3818,TimeLimit,180.97,-46.81
salbp_instance_n=100_53,100,0.00595,605.8977,605.8977,0.0,0.21,537.0665,TimeLimit,180.9,144.61,-12.82,675.0607,1249.2718,FEASIBLE,180.19,85.06,10.25,537.0665,TimeLimit,180.9,-12.82
salbp_instance_n=100_54,100,0.00602,668.6322,668.6322,0.0,0.17,384.6303,TimeLimit,180.99,253.26,-73.84,710.042,1505.832,FEASIBLE,180.18,112.08,5.83,384.6303,TimeLimit,180.99,-73.84
salbp_instance_n=100_55,100,0.00506,711.7567,711.7567,0.0,0.15,495.4984,TimeLimit,180.93,171.74,-43.64,745.8187,1504.8811,FEASIBLE,183.12,101.78,4.57,495.4984,TimeLimit,180.93,-43.64
salbp_instance_n=100_56,100,0.00648,559.2798,559.2798,0.0,0.24,181.2428,TimeLimit,180.98,609.21,-208.58,621.516,1262.0655,FEASIBLE,180.19,103.06,10.01,181.2428,TimeLimit,180.98,-208.58
salbp_instance_n=100_57,100,0.00524,783.8784,783.8784,0.0,0.13,700.0827,TimeLimit,180.83,102.11,-11.97,835.6444,1682.8652,FEASIBLE,180.07,101.39,6.19,700.0827,TimeLimit,180.83,-11.97
salbp_instance_n=100_58,100,0.00537,812.5633,812.5633,0.0,0.12,658.1881,TimeLimit,180.89,118.77,-23.45,843.6284,1634.964,FEASIBLE,182.59,93.8,3.68,658.1881,TimeLimit,180.89,-23.45
salbp_instance_n=20_1,20,0.0165,305.867,305.867,0.0,0.01,306.7581,Optimal,0.23,1.0,0.29,306.765,306.765,OPTIMAL,9.48,0.0,0.29,306.7581,Optimal,0.23,0.29
salbp_instance_n=20_10,20,0.01015,308.3367,308.3367,0.0,0.01,308.8826,Optimal,0.19,1.0,0.18,309.2403,367.5492,FEASIBLE,180.17,18.86,0.29,308.8826,Optimal,0.19,0.18
salbp_instance_n=20_100,20,0.00666,325.7327,325.7327,0.0,0.0,325.9325,Optimal,0.22,0.97,0.06,325.5893,325.5893,OPTIMAL,13.49,0.0,-0.04,325.9325,Optimal,0.22,0.06
salbp_instance_n=20_63,20,0.01089,298.4256,298.4256,0.0,0.02,298.5672,Optimal,1.88,0.99,0.05,298.5237,351.4632,FEASIBLE,182.49,17.73,0.03,298.5672,Optimal,1.88,0.05
salbp_instance_n=20_64,20,0.01103,332.8493,332.8493,0.0,0.01,333.8974,Optimal,0.21,1.0,0.31,334.128,334.128,OPTIMAL,126.31,0.0,0.38,333.8974,Optimal,0.21,0.31
salbp_instance_n=20_65,20,0.01151,325.2857,325.2857,0.0,0.01,326.9196,Optimal,0.18,0.99,0.5,326.968,345.04,FEASIBLE,180.34,5.53,0.51,326.9196,Optimal,0.18,0.5
salbp_instance_n=20_66,20,0.01667,293.1333,293.1333,0.0,0.02,296.4333,Optimal,0.15,0.89,1.11,296.3162,296.3162,OPTIMAL,8.02,0.0,1.07,296.4333,Optimal,0.15,1.11
salbp_instance_n=20_67,20,0.02333,331.739,331.739,0.0,0.01,332.1356,Optimal,0.1,0.41,0.12,332.2227,332.2227,OPTIMAL,0.25,0.0,0.15,332.1356,Optimal,0.1,0.12
salbp_instance_n=20_68,20,0.04915,273.0046,273.0046,0.0,0.01,273.8894,Optimal,0.07,0.41,0.32,273.7664,273.7664,OPTIMAL,0.02,0.0,0.28,273.8894,Optimal,0.07,0.32
salbp_instance_n=20_69,20,0.0353,253.2911,253.2911,0.0,0.01,253.6794,Optimal,0.12,0.95,0.15,253.6794,253.6794,OPTIMAL,0.69,0.0,0.15,253.6794,Optimal,0.12,0.15
salbp_instance_n=20_70,20,0.01604,321.9357,321.9357,0.0,0.01,322.3528,Optimal,0.26,0.97,0.13,322.504,322.504,OPTIMAL,19.05,0.0,0.18,322.3528,Optimal,0.26,0.13
salbp_instance_n=20_71,20,0.01752,318.1843,318.1843,0.0,0.01,319.2178,Optimal,0.15,0.89,0.32,319.3025,319.3025,OPTIMAL,3.16,0.0,0.35,319.2178,Optimal,0.15,0.32
salbp_instance_n=20_72,20,0.01779,325.3331,325.3331,0.0,0.01,325.9557,Optimal,0.2,0.99,0.19,325.9018,325.9018,OPTIMAL,9.14,0.0,0.17,325.9557,Optimal,0.2,0.19
salbp_instance_n=20_73,20,0.0298,282.4923,282.4923,0.0,0.03,283.7438,Optimal,0.11,1.0,0.44,283.7396,283.7396,OPTIMAL,2.96,0.0,0.44,283.7438,Optimal,0.11,0.44
salbp_instance_n=20_74,20,0.02106,299.992,299.992,0.0,0.01,299.6573,Optimal,0.16,0.98,-0.11,301.2389,301.2389,OPTIMAL,17.47,0.0,0.41,299.6573,Optimal,0.16,-0.11
salbp_instance_n=20_75,20,0.01357,308.2029,308.2029,0.0,0.01,308.2436,Optimal,0.33,0.99,0.01,308.0904,349.5504,FEASIBLE,180.17,13.46,-0.04,308.2436,Optimal,0.33,0.01
salbp_instance_n=20_76,20,0.01691,297.0082,297.0082,0.0,0.01,297.6845,Optimal,0.18,0.85,0.23,297.7245,297.7245,OPTIMAL,0.91,0.0,0.24,297.6845,Optimal,0.18,0.23
salbp_instance_n=20_77,20,0.01958,308.4558,308.4558,0.0,0.01,309.2978,Optimal,0.33,0.84,0.27,309.2248,309.2248,OPTIMAL,20.24,0.0,0.25,309.2978,Optimal,0.33,0.27
salbp_instance_n=20_78,20,0.01795,305.8513,305.8513,0.0,0.01,306.4794,Optimal,0.23,1.0,0.2,306.6901,306.6901,OPTIMAL,1.97,0.0,0.27,306.4794,Optimal,0.23,0.2
salbp_instance_n=20_79,20,0.0204,303.4127,303.4127,0.0,0.01,304.147,Optimal,0.14,0.99,0.24,304.1976,304.1976,OPTIMAL,0.88,0.0,0.26,304.147,Optimal,0.14,0.24
salbp_instance_n=20_80,20,0.0192,291.103,291.103,0.0,0.01,291.2182,Optimal,0.17,0.99,0.04,291.2304,291.2304,OPTIMAL,17.11,0.0,0.04,291.2182,Optimal,0.17,0.04
salbp_instance_n=20_81,20,0.01762,322.2469,322.2469,0.0,0.01,322.4055,Optimal,0.24,0.98,0.05,322.496,322.496,OPTIMAL,73.04,0.0,0.08,322.4055,Optimal,0.24,0.05
salbp_instance_n=20_82,20,0.01961,310.6457,310.6457,0.0,0.01,310.2535,Optimal,0.21,0.98,-0.13,310.916,310.916,OPTIMAL,2.5,0.0,0.09,310.2535,Optimal,0.21,-0.13
salbp_instance_n=20_83,20,0.01658,320.6069,320.6069,0.0,0.01,321.3292,Optimal,0.2,1.0,0.22,321.268,321.268,OPTIMAL,52.83,0.0,0.21,321.3292,Optimal,0.2,0.22
salbp_instance_n=20_84,20,0.01528,288.416,288.416,0.0,0.01,288.7827,Optimal,0.11,0.93,0.13,288.7187,288.7187,OPTIMAL,1.94,0.0,0.1,288.7827,Optimal,0.11,0.13
salbp_instance_n=20_85,20,0.01567,338.4,338.4,0.0,0.01,339.4659,Optimal,0.17,1.0,0.31,339.3465,339.3465,OPTIMAL,27.22,0.0,0.28,339.4659,Optimal,0.17,0.31
salbp_instance_n=20_86,20,0.01286,301.6364,301.6364,0.0,0.01,301.7264,Optimal,0.22,1.0,0.03,301.5315,301.5315,OPTIMAL,13.24,0.0,-0.03,301.7264,Optimal,0.22,0.03
salbp_instance_n=20_87,20,0.01562,305.5781,305.5781,0.0,0.01,306.9844,Optimal,0.19,0.99,0.46,307.0948,307.0948,OPTIMAL,96.69,0.0,0.49,306.9844,Optimal,0.19,0.46
salbp_instance_n=20_88,20,0.02455,291.1291,291.1291,0.0,0.01,291.2028,Optimal,0.11,,0.03,291.0206,291.0206,OPTIMAL,0.04,0.0,-0.04,291.2028,Optimal,0.11,0.03
salbp_instance_n=20_89,20,0.01648,314.4623,314.4623,0.0,0.01,318.5485,Optimal,0.2,0.98,1.28,318.707,318.707,OPTIMAL,3.93,0.0,1.33,318.5485,Optimal,0.2,1.28
salbp_instance_n=20_90,20,0.01642,314.0612,314.0612,0.0,0.01,314.5866,Optimal,0.28,1.0,0.17,314.6612,314.6612,OPTIMAL,28.05,0.0,0.19,314.5866,Optimal,0.28,0.17
salbp_instance_n=20_91,20,0.01549,340.8729,340.8729,0.0,0.01,340.6539,Optimal,0.14,0.99,-0.06,341.003,341.003,OPTIMAL,0.23,0.0,0.04,340.6539,Optimal,0.14,-0.06
salbp_instance_n=20_92,20,0.00706,346.9482,346.9482,0.0,0.01,347.0753,Optimal,0.22,0.99,0.04,346.768,346.768,OPTIMAL,5.73,0.0,-0.05,347.0753,Optimal,0.22,0.04
salbp_instance_n=20_93,20,0.00599,333.3682,333.3682,0.0,0.01,333.8591,Optimal,0.12,0.9,0.15,333.726,333.726,OPTIMAL,6.28,0.0,0.11,333.8591,Optimal,0.12,0.15
salbp_instance_n=20_94,20,0.01713,321.4983,321.4983,0.0,0.01,321.8409,Optimal,0.16,0.34,0.11,321.9755,321.9755,OPTIMAL,0.75,0.0,0.15,321.8409,Optimal,0.16,0.11
salbp_instance_n=20_95,20,0.00611,317.8823,317.8823,0.0,0.01,318.3894,Optimal,0.17,0.99,0.16,318.4827,318.4827,OPTIMAL,5.51,0.0,0.19,318.3894,Optimal,0.17,0.16
salbp_instance_n=20_96,20,0.00699,321.8294,321.8294,0.0,0.01,321.9272,Optimal,0.18,0.99,0.03,321.826,321.826,OPTIMAL,0.72,0.0,-0.0,321.9272,Optimal,0.18,0.03
salbp_instance_n=20_97,20,0.00408,301.6548,301.6548,0.0,0.01,302.2872,Optimal,0.17,0.99,0.21,301.9924,301.9924,OPTIMAL,74.19,0.0,0.11,302.2872,Optimal,0.17,0.21
salbp_instance_n=20_98,20,0.00555,318.5631,318.5631,0.0,0.01,318.613,Optimal,0.2,0.99,0.02,318.1312,318.1312,OPTIMAL,6.65,0.0,-0.14,318.613,Optimal,0.2,0.02
salbp_instance_n=20_99,20,0.00633,346.661,346.661,0.0,0.01,347.4144,Optimal,0.12,0.97,0.22,347.9614,347.9614,OPTIMAL,2.73,0.0,0.37,347.4144,Optimal,0.12,0.22
salbp_instance_n=50_1,50,0.01626,421.9038,421.9038,0.0,0.05,447.7709,TimeLimit,180.17,21.2,5.78,447.0677,848.3156,FEASIBLE,180.1,89.75,5.63,447.7709,TimeLimit,180.17,5.78
salbp_instance_n=50_10,50,0.01531,466.6875,466.6875,0.0,0.04,483.2313,TimeLimit,180.15,22.37,3.42,484.0291,803.6693,FEASIBLE,180.08,66.04,3.58,483.2313,TimeLimit,180.15,3.42
salbp_instance_n=50_100,50,0.01878,324.5727,324.5727,0.0,0.08,351.0745,Optimal,23.65,1.0,7.55,350.6176,391.4572,FEASIBLE,183.36,11.65,7.43,351.0745,Optimal,23.65,7.55
salbp_instance_n=50_100p10,50,0.01639,445.208,445.208,0.0,0.04,453.6659,Optimal,78.17,1.0,1.86,454.3484,494.8312,FEASIBLE,182.92,8.91,2.01,453.6659,Optimal,78.17,1.86
salbp_instance_n=50_100p2,50,0.01783,408.2281,408.2281,0.0,0.03,423.6895,Optimal,45.23,0.99,3.65,424.5488,482.8982,FEASIBLE,183.34,13.74,3.84,423.6895,Optimal,45.23,3.65
salbp_instance_n=50_100p3,50,0.01621,352.3807,352.3807,0.0,0.06,392.8878,TimeLimit,180.22,12.57,10.31,393.1362,489.6698,FEASIBLE,182.25,24.55,10.37,392.8878,TimeLimit,180.22,10.31
salbp_instance_n=50_1p10,50,0.01614,421.6211,421.6211,0.0,0.03,457.1542,TimeLimit,180.17,19.67,7.77,458.3076,846.963,FEASIBLE,180.26,84.8,8.0,457.1542,TimeLimit,180.17,7.77
salbp_instance_n=50_1p2,50,0.01715,407.1989,407.1989,0.0,0.06,434.8822,TimeLimit,180.17,25.1,6.37,434.9928,830.3052,FEASIBLE,180.22,90.88,6.39,434.8822,TimeLimit,180.17,6.37
salbp_instance_n=50_1p3,50,0.01732,435.0678,435.0678,0.0,0.05,460.0533,TimeLimit,180.17,25.33,5.43,461.7539,881.6834,FEASIBLE,180.04,90.94,5.78,460.0533,TimeLimit,180.17,5.43
salbp_instance_n=50_1p4,50,0.01519,433.5431,433.5431,0.0,0.04,465.3378,TimeLimit,180.18,22.01,6.83,469.8536,864.4616,FEASIBLE,180.05,83.99,7.73,465.3378,TimeLimit,180.18,6.83
salbp_instance_n=50_1p5,50,0.01604,395.4134,395.4134,0.0,0.03,411.1062,TimeLimit,180.17,28.4,3.82,415.48,809.776,FEASIBLE,180.1,94.9,4.83,411.1062,TimeLimit,180.17,3.82
salbp_instance_n=50_1p6,50,0.01758,371.8267,371.8267,0.0,0.03,404.2683,TimeLimit,180.17,24.98,8.02,404.6048,740.9728,FEASIBLE,181.42,83.13,8.1,404.2683,TimeLimit,180.17,8.02
salbp_instance_n=50_1p7,50,0.01571,427.2525,427.2525,0.0,0.08,442.0425,TimeLimit,180.17,20.18,3.35,443.3418,836.9365,FEASIBLE,180.12,88.78,3.63,442.0425,TimeLimit,180.17,3.35
salbp_instance_n=50_1p8,50,0.01635,390.1085,390.1085,0.0,0.07,408.132,TimeLimit,180.17,26.31,4.42,409.6277,760.1637,FEASIBLE,180.11,85.57,4.77,408.132,TimeLimit,180.17,4.42
salbp_instance_n=50_1p9,50,0.01393,433.0014,433.0014,0.0,0.05,473.3791,TimeLimit,180.17,17.52,8.53,474.2088,861.6177,FEASIBLE,180.05,81.7,8.69,473.3791,TimeLimit,180.17,8.53
salbp_instance_n=50_28p10,50,0.0053,606.085,606.085,0.0,0.06,615.967,TimeLimit,180.17,13.97,1.6,615.9546,854.4588,FEASIBLE,185.03,38.72,1.6,615.967,TimeLimit,180.17,1.6
salbp_instance_n=50_28p9,50,0.00544,619.4908,619.4908,0.0,0.04,636.0333,TimeLimit,180.18,16.85,2.6,640.0544,914.281,FEASIBLE,180.09,42.84,3.21,636.0333,TimeLimit,180.18,2.6
salbp_instance_n=50_29,50,0.00574,623.9175,623.9175,0.0,0.05,628.6777,TimeLimit,180.17,12.13,0.76,629.9166,855.4352,FEASIBLE,181.39,35.8,0.95,628.6777,TimeLimit,180.17,0.76
salbp_instance_n=50_29p10,50,0.00557,655.9211,655.9211,0.0,0.03,660.9824,TimeLimit,180.16,13.03,0.77,660.112,882.0344,FEASIBLE,183.61,33.62,0.63,660.9824,TimeLimit,180.16,0.77
salbp_instance_n=50_29p2,50,0.00615,668.5374,668.5374,0.0,0.03,236.0976,TimeLimit,253.61,266.26,-183.16,677.3408,918.3073,FEASIBLE,180.17,35.58,1.3,236.0976,TimeLimit,253.61,-183.16
salbp_instance_n=50_29p3,50,0.00617,676.1968,676.1968,0.0,0.05,678.1208,TimeLimit,180.16,13.81,0.28,678.143,901.8112,FEASIBLE,182.58,32.98,0.29,678.1208,TimeLimit,180.16,0.28
salbp_instance_n=50_29p4,50,0.00598,652.5968,652.5968,0.0,0.04,652.425,TimeLimit,180.16,16.85,-0.03,655.39,906.03,FEASIBLE,180.21,38.24,0.43,652.425,TimeLimit,180.16,-0.03
salbp_instance_n=50_29p5,50,0.00528,643.9448,643.9448,0.0,0.04,644.6729,TimeLimit,180.16,11.34,0.11,644.069,865.1891,FEASIBLE,180.09,34.33,0.02,644.6729,TimeLimit,180.16,0.11
salbp_instance_n=50_29p6,50,0.0057,625.305,625.305,0.0,0.06,639.9174,TimeLimit,180.17,14.34,2.28,640.3411,909.4792,FEASIBLE,180.23,42.03,2.35,639.9174,TimeLimit,180.17,2.28
salbp_instance_n=50_29p7,50,0.00547,615.0207,615.0207,0.0,0.03,627.8915,TimeLimit,180.16,16.73,2.05,628.371,862.728,FEASIBLE,180.13,37.3,2.12,627.8915,TimeLimit,180.16,2.05
salbp_instance_n=50_29p8,50,0.00539,639.7638,639.7638,0.0,0.06,663.3008,TimeLimit,180.17,9.83,3.55,663.0874,880.6746,FEASIBLE,182.88,32.81,3.52,663.3008,TimeLimit,180.17,3.55
salbp_instance_n=50_29p9,50,0.0054,619.8108,619.8108,0.0,0.08,137.6903,TimeLimit,255.87,472.82,-350.15,626.79,827.347,FEASIBLE,180.13,32.0,1.11,137.6903,TimeLimit,255.87,-350.15
salbp_instance_n=50_52p10,50,0.01323,551.5865,551.5865,0.0,0.03,566.7577,TimeLimit,180.15,15.8,2.68,567.374,886.5236,FEASIBLE,181.53,56.25,2.78,566.7577,TimeLimit,180.15,2.68
salbp_instance_n=50_52p5,50,0.00982,615.2382,615.2382,0.0,0.03,622.5524,TimeLimit,180.15,11.25,1.17,622.9566,879.9436,FEASIBLE,180.05,41.25,1.24,622.5524,TimeLimit,180.15,1.17
salbp_instance_n=50_52p6,50,0.01394,499.9861,499.9861,0.0,0.07,62.7804,TimeLimit,186.28,3.0,-696.41,506.6771,852.0096,FEASIBLE,180.19,68.16,1.32,62.7804,TimeLimit,186.28,-696.41
salbp_instance_n=50_52p7,50,0.00966,561.5398,561.5398,0.0,0.05,571.1384,TimeLimit,180.15,17.53,1.68,570.7191,812.9057,FEASIBLE,180.12,42.44,1.61,571.1384,TimeLimit,180.15,1.68
salbp_instance_n=50_52p8,50,0.0126,566.3406,566.3406,0.0,0.03,604.3013,TimeLimit,180.15,14.76,6.28,605.3508,929.4788,FEASIBLE,180.07,53.54,6.44,604.3013,TimeLimit,180.15,6.28
salbp_instance_n=50_52p9,50,0.01044,575.2191,575.2191,0.0,0.05,584.2283,TimeLimit,180.15,10.13,1.54,587.4264,851.8216,FEASIBLE,180.15,45.01,2.08,584.2283,TimeLimit,180.15,1.54
salbp_instance_n=50_53,50,0.0085,510.3524,510.3524,0.0,0.05,539.4668,TimeLimit,180.17,16.96,5.4,542.642,805.373,FEASIBLE,180.1,48.42,5.95,539.4668,TimeLimit,180.17,5.4
salbp_instance_n=50_53p2,50,0.01051,532.1825,532.1825,0.0,0.03,119.8358,TimeLimit,369.13,709.25,-344.09,552.6925,811.51,FEASIBLE,182.86,46.83,3.71,119.8358,TimeLimit,369.13,-344.09
salbp_instance_n=50_53p3,50,0.01086,523.6235,523.6235,0.0,0.04,550.4433,TimeLimit,180.17,14.82,4.87,549.3957,853.9732,FEASIBLE,180.21,55.44,4.69,550.4433,TimeLimit,180.17,4.87
salbp_instance_n=50_53p4,50,0.00977,566.445,566.445,0.0,0.03,581.2474,TimeLimit,180.17,14.69,2.55,580.5192,875.6654,FEASIBLE,180.06,50.84,2.42,581.2474,TimeLimit,180.17,2.55
salbp_instance_n=50_53p5,50,0.00955,505.902,505.902,0.0,0.04,24.7323,TimeLimit,372.65,3.0,-1945.51,521.054,737.491,FEASIBLE,181.26,41.54,2.91,24.7323,TimeLimit,372.65,-1945.51
scholl_arc111_n=111,111,0.01268,-2760.5237,-2760.5237,0.0,0.26,-2736.1401,TimeLimit,203.62,9.9,0.89,-2479.7604,-2479.7604,OPTIMAL,40.03,0.0,11.32,-2736.1401,TimeLimit,203.62,0.89
scholl_arc83_n=83,83,0.01016,154.6664,154.6664,0.0,0.08,222.7659,Optimal,30.83,0.91,30.57,217.612,217.612,OPTIMAL,4.15,0.0,28.93,222.7659,Optimal,30.83,30.57
scholl_barthol2_n=148,148,0.01393,592.6383,592.6383,0.0,0.42,323.7359,TimeLimit,187.37,384.62,-83.06,664.1259,1732.3978,FEASIBLE,180.05,160.85,10.76,323.7359,TimeLimit,187.37,-83.06
scholl_barthold_n=148,148,0.0142,428.9915,428.9915,0.0,0.46,,TimeLimit,362.21,,,472.999,1464.0348,FEASIBLE,180.04,209.52,9.3,,TimeLimit,362.21,
scholl_bowman8_n=8,8,0.15543,116.3946,116.3946,0.0,0.0,116.3946,Optimal,0.05,0.42,0.0,116.3994,116.3994,OPTIMAL,0.01,0.0,0.0,116.3946,Optimal,0.05,0.0
scholl_buxey_n=29,29,0.04545,174.424,174.424,0.0,0.01,183.0134,Optimal,0.27,0.99,4.69,183.4486,183.4486,OPTIMAL,0.1,0.0,4.92,183.0134,Optimal,0.27,4.69
scholl_gunther_n=35,35,0.04376,143.2321,143.2321,0.0,0.01,162.9675,Optimal,0.48,0.96,12.11,162.5786,162.5786,OPTIMAL,0.28,0.0,11.9,162.9675,Optimal,0.48,12.11
scholl_hahn_n=53,53,0.02011,384.2157,384.2157,0.0,0.03,386.8501,Optimal,49.29,,0.68,387.1937,387.1937,OPTIMAL,0.36,0.0,0.77,386.8501,Optimal,49.29,0.68
scholl_heskia_n=28,28,0.03866,211.817,211.817,0.0,0.01,217.0361,Optimal,0.16,0.25,2.4,216.7158,216.7158,OPTIMAL,0.09,0.0,2.26,217.0361,Optimal,0.16,2.4
scholl_jackson_n=11,11,0.10412,127.0235,127.0235,0.0,0.0,127.5441,Optimal,0.02,0.11,0.41,127.5525,127.5525,OPTIMAL,0.01,0.0,0.41,127.5441,Optimal,0.02,0.41
scholl_jaeschke_n=9,9,0.12288,113.5424,113.5424,0.0,0.0,113.5424,Optimal,0.01,0.11,-0.0,113.5376,113.5376,OPTIMAL,0.0,0.0,-0.0,113.5424,Optimal,0.01,-0.0
scholl_kilbrid_n=45,45,0.03439,41.8563,41.8563,0.0,0.04,102.899,Optimal,107.57,0.94,59.32,102.7368,102.7368,OPTIMAL,15.47,0.0,59.26,102.899,Optimal,107.57,59.32
scholl_lutz1_n=32,32,0.03924,304.2377,304.2377,0.0,0.01,306.0428,Optimal,0.14,,0.59,306.3848,306.3848,OPTIMAL,0.02,0.0,0.7,306.0428,Optimal,0.14,0.59
scholl_lutz2_n=89,89,0.01801,-1155.1053,-1155.1053,0.0,0.1,-970.5679,Optimal,3.27,0.36,19.01,-967.044,-967.044,OPTIMAL,0.68,0.0,19.45,-970.5679,Optimal,3.27,19.01
scholl_lutz3_n=89,89,0.02007,-1244.147,-1244.147,0.0,0.18,-1079.6632,Optimal,3.38,0.44,15.23,-1080.1971,-1080.1971,OPTIMAL,2.6,0.0,15.18,-1079.6632,Optimal,3.38,15.23
scholl_mansoor_n=11,11,0.09348,168.7283,168.7283,0.0,0.0,168.9152,Optimal,0.02,0.11,0.11,168.9045,168.9045,OPTIMAL,0.01,0.0,0.1,168.9152,Optimal,0.02,0.11
scholl_mertens_n=7,7,0.17162,103.1446,103.1446,0.0,0.0,102.8014,Optimal,0.01,0.42,-0.33,103.1476,103.1476,OPTIMAL,0.0,0.0,0.0,102.8014,Optimal,0.01,-0.33
scholl_mitchell_n=21,21,0.06175,159.9422,159.9422,0.0,0.01,162.1653,Optimal,0.13,0.8,1.37,162.1624,162.1624,OPTIMAL,0.03,0.0,1.37,162.1653,Optimal,0.13,1.37
scholl_mukherje_n=94,94,0.01515,-1777.0235,-1777.0235,0.0,0.19,-1688.9147,Optimal,6.4,0.66,5.22,-1700.0704,-1700.0704,OPTIMAL,136.58,0.0,4.53,-1688.9147,Optimal,6.4,5.22
scholl_roszieg_n=25,25,0.05589,180.6465,180.6465,0.0,0.01,181.429,Optimal,0.17,0.83,0.43,181.6791,181.6791,OPTIMAL,0.05,0.0,0.57,181.429,Optimal,0.17,0.43
scholl_sawyer30_n=30,30,0.05019,233.2706,233.2706,0.0,0.01,249.3321,TimeLimit,180.06,3.48,6.44,249.304,341.276,FEASIBLE,180.5,36.89,6.43,249.3321,TimeLimit,180.06,6.44
scholl_scholl_n=297,297,0.00566,-16566.7327,-16566.7327,0.0,5.28,,TimeLimit,380.08,,,-14484.1052,-13405.8272,FEASIBLE,180.04,7.44,14.38,,TimeLimit,380.08,
scholl_tonge70_n=70,70,0.02614,197.6646,197.6646,0.0,0.1,51.3147,TimeLimit,180.38,878.0,-285.2,234.5807,325.3329,FEASIBLE,180.49,38.69,15.74,51.3147,TimeLimit,180.38,-285.2
scholl_warnecke_n=58,58,0.02578,325.6799,325.6799,0.0,0.04,302.755,TimeLimit,180.25,84.59,-7.57,333.3266,641.937,FEASIBLE,179.94,92.58,2.29,302.755,TimeLimit,180.25,-7.57
scholl_wee-mag_n=75,75,0.03253,300.8738,300.8738,0.0,0.07,93.665,TimeLimit,180.43,583.57,-221.22,315.1025,880.5025,FEASIBLE,180.03,179.43,4.52,93.665,TimeLimit,180.43,-221.22
small_40,40,0.0321,134.0866,134.0866,0.0,0.05,163.3356,TimeLimit,180.12,28.96,17.91,166.7264,341.7894,FEASIBLE,180.11,105.0,19.58,163.3356,TimeLimit,180.12,17.91
structured_graph_100,100,0.01215,182.7996,182.7996,0.0,0.24,,TimeLimit,361.42,,,208.8832,756.7428,FEASIBLE,180.11,262.28,12.49,,TimeLimit,361.42,
structured_graph_200,200,0.00586,-90.7229,-90.7229,0.0,1.55,,TimeLimit,370.48,,,-72.4041,637.2505,FEASIBLE,180.03,980.13,25.3,,TimeLimit,370.48,
